NOMBRE,DIRECCION,MUNICIPIOS,PROVINCIAS,CODPOSTAL
HOSPITAL UNIVERSITARIO DE ARABA,"JOSÉ ATXOTEGUI, S/N",Vitoria-Gasteiz,ÁLAVA,1009
COMPLEJO HOSPITALARIO UNIVERSITARIO DE ALBACETE,"HERMANOS FALCÓ, 37",Albacete,ALBACETE,2006
HOSPITAL DE HELLÍN,"JUAN RAMÓN JIMÉNEZ, 40",Hellín,ALBACETE,2400
HOSPITAL GENERAL DE ALMANSA,"AVDA. ADOLFO SUÁREZ, S/N",Almansa,ALBACETE,2640
HOSPITAL GENERAL DE VILLAROBLEDO,"AVENIDA MIGUEL DE CERVANTES, S/N",Villarrobledo,ALBACETE,2600
HOSPITAL GENERAL UNIVERSITARIO DE ALICANTE,"AVENIDA PINTOR BAEZA, 12",Alicante/Alacant,ALICANTE,3010
HOSPITAL VIRGEN DE LOS LIRIOS,"POLÍGONO CARAMAXEL, S/N",Alcoy/Alcoi,ALICANTE,3804
HOSPITAL GENERAL UNIVERSITARIO DE ELCHE,"CAMÍ ALMAZARA, 11",Elche/Elx,ALICANTE,3203
HOSPITAL GENERAL UNIVERSITARIO DE ELDA-VIRGEN DE LA SALUD,"CARRETERA SAX, S/N",Elda,ALICANTE,3600
HOSPITAL SANT VICENT DEL RASPEIG,"CALLE LILLO JUAN, 137",San Vicente del Raspeig/Sant Vicent del Raspeig,ALICANTE,3690
HOSPITAL MARINA BAIXA DE LA VILA JOIOSA,"AVENIDA ALCALDE EN JAUME BOTELLA MAYOR, 7","Villajoyosa/Vila Joiosa, la",ALICANTE,3570
HOSPITAL VEGA BAJA DE ORIHUELA,"CARRETERA ORIHUELA - ALMORADÍ, S/N",Orihuela,ALICANTE,3314
HOSPITAL UNIVERSITARIO SAN JUAN DE ALICANTE,"CARRETERA NACIONAL 332, ALICANTE-VALENCIA, S/N",Sant Joan d'Alacant,ALICANTE,3550
HOSPITAL UNIVERSITARIO DE TORREVIEJA,"CARRETERA CV95 SAN MIGUEL DE SALINAS-TORREVIEJA PARTIDA LA CEÑUELA, S/N",Torrevieja,ALICANTE,3186
HOSPITAL DE DENIA,"PARTIDA BENIADLÀ, S/N",Dénia,ALICANTE,3700
HOSPITAL LA PEDRERA,"PARTIDA PLANA D'EST, 4",Dénia,ALICANTE,3700
HOSPITAL UNIVERSITARIO VINALOPO,"TONICO SANSANO MORA, 14",Elche/Elx,ALICANTE,3293
HOSPITAL LA INMACULADA,"AVDA. DRA. ANA PARRA, S/N",Huércal-Overa,ALMERÍA,4600
HOSPITAL UNIVERSITARIO TORRECÁRDENAS,"PARAJE DE TORRECÁRDENAS, S/N",Almería,ALMERÍA,4009
HOSPITAL DE PONIENTE,"CRTA. DE ALMERIMAR, S/N","Ejido, El",ALMERÍA,4700
HOSPITAL DE ALTA RESOLUCIÓN EL TOYO,CAMINO DE LA BOTICA S/N. RETAMAR,Almería,ALMERÍA,4131
COMPLEJO ASISTENCIAL DE AVILA,"AVDA. JUAN CARLOS I, S/N",Ávila,ÁVILA,5071
COMPLEJO HOSPITALARIO UNIVERSITARIO DE BADAJOZ,"AVDA. DE ELVAS, S/N",Badajoz,BADAJOZ,6080
COMPLEJO HOSPITALARIO LLERENA-ZAFRA,"AVDA. BADAJOZ, 1",Llerena,BADAJOZ,6900
COMPLEJO H. DON BENITO-VVA DE LA SERENA,"AVDA. ALONSO MARTÍN, 8",Don Benito,BADAJOZ,6400
COMPLEJO HOSPITALARIO DEL ÁREA DE SALUD DE MÉRIDA,"AVDA. ANTONIO CAMPOS HOYOS, Nº 26",Mérida,BADAJOZ,6800
HOSPITAL CAN MISSES,"CORONA, S/N",Eivissa,ILLES BALEARS,7800
HOSPITAL MANACOR,"CRTA. MANACOR-ALCUDIA, S/N",Manacor,ILLES BALEARS,7500
HOSPITAL SON LLATZER,"CTRA. MANACOR, KM.4",Palma de Mallorca,ILLES BALEARS,7198
HOSPITAL DE FORMENTERA,"VENDA DES BROLLS, S/N",Formentera,ILLES BALEARS,7860
HOSPITAL COMARCAL D'INCA,"CRTRA VELLA DE LLUBI, S/N",Inca,ILLES BALEARS,7300
HOSPITAL MATEU ORFILA,"RONDA MALBÚGER, 1",Maó-Mahón,ILLES BALEARS,7703
HOSPITAL UNIVERSITARI SON ESPASES,"CARRETERA VALDEMOSSA, 79",Palma de Mallorca,ILLES BALEARS,7120
HOSPITAL DEL MAR.,"PS MARÍTIM DE LA BARCELONETA, 25",Barcelona,BARCELONA,8003
HOSPITAL DE L'ESPERANÇA.,"AV SANT JOSEP DE LA MUNTANYA, 12",Barcelona,BARCELONA,8024
HOSPITAL CLÍNIC DE BARCELONA,"CR VILLARROEL, 170",Barcelona,BARCELONA,8036
CENTRE DE PREVENCIÓ I REHABILITACIÓ ASEPEYO,"AV ALCALDE BARNILS, 54-60",Sant Cugat del Vallès,BARCELONA,8174
HOSPITAL EGARSAT SANT HONORAT,"AV TIBIDABO, 20",Barcelona,BARCELONA,8022
HOSPITAL UNIVERSITARI GERMANS TRIAS I PUJOL DE BADALONA,"CR CANYET, S/N",Badalona,BARCELONA,8916
HOSPITAL MUNICIPAL DE BADALONA,"VI AUGUSTA,, 9",Badalona,BARCELONA,8911
HOSPITAL COMARCAL DE SANT BERNABÉ,"CT DE RIBES, S/N",Berga,BARCELONA,8600
HOSPITAL COMARCAL SANT JAUME DE CALELLA,"CR SANT JAUME, 209-217",Calella,BARCELONA,8370
HOSPITAL UNIVERSITARI DE BELLVITGE,"CR FEIXA LLARGA, S/N","Hospitalet de Llobregat, L'",BARCELONA,8907
HOSPITAL DE MOLLET,"RD PINETONS, 6-8",Mollet del Vallès,BARCELONA,8100
HOSPITAL DE SABADELL,"CR PROLONGACIÓ TAULÍ, S/N",Sabadell,BARCELONA,8208
HOSPITAL DE TERRASSA.,"CT TORREBONICA, S/N",Terrassa,BARCELONA,8227
HOSPITAL  UNIVERSITARI DE VIC,"""CR FRANCESC PLA """"EL VIGATA"""", 1""",Vic,BARCELONA,8500
HOSPITAL DE VILADECANS,"AV GAVÀ, 38",Viladecans,BARCELONA,8840
HOSPITAL DE MATARÓ,"CT CIRERA, 230",Mataró,BARCELONA,8304
HOSPITAL UNIVERSITARI VALL D'HEBRON,"PS VALL D'HEBRON, 119-129",Barcelona,BARCELONA,8035
HOSPITAL COMARCAL DE L'ALT PENEDÈS.,"CR ESPIRALL, S/N",Vilafranca del Penedès,BARCELONA,8720
HOSPITAL D'IGUALADA,"AV CATALUNYA, 11",Igualada,BARCELONA,8700
HOSPITAL DE SANT JOAN DESPÍ MOISÈS BROGGI,"AV JACINT VERDAGUER, 90",Sant Joan Despí,BARCELONA,8970
HOSPITAL SANTIAGO APÓSTOL,"CTRA. DE ORÓN, S/N",Miranda de Ebro,BURGOS,9200
COMPLEJO ASISTENCIAL UNIVERSITARIO DE BURGOS,"AV. ISLAS BALEARES, 3",Burgos,BURGOS,9006
HOSPITAL CIUDAD DE CORIA,"CERVANTES, 75",Coria,CÁCERES,10800
HOSPITAL CAMPO ARAÑUELO,"TOMÁS YUSTE MIRÓN, S/N",Navalmoral de la Mata,CÁCERES,10300
HOSPITAL VIRGEN DEL PUERTO,"PARAJE VALCORCHERO, S/N",Plasencia,CÁCERES,10600
COMPLEJO HOSPITALARIO DE CÁCERES,"AV.PABLO NARANJO, S/N",Cáceres,CÁCERES,10003
HOSPITAL UNIVERSITARIO PUERTA DEL MAR,"AV. ANA DE VIYA, 21",Cádiz,CÁDIZ,11009
HOSPITAL UNIVERSITARIO DE JEREZ DE LA FRONTERA,"RONDA DE CIRCUNVALACIÓN, S/N",Jerez de la Frontera,CÁDIZ,11408
HOSPITAL  DE LA LÍNEA DE LA CONCEPCIÓN,"AV. MENÉNDEZ Y PELAYO, 103","Línea de la Concepción, La",CÁDIZ,11300
HOSPITAL UNIVERSITARIO DE PUERTO REAL,"CARRETERA NACIONAL IV, KM. 665",Puerto Real,CÁDIZ,11510
HOSPITAL PUNTA DE EUROPA,"CARRETERA DE GETARES, S/N",Algeciras,CÁDIZ,11207
HOSPITAL GENERAL UNIVERSITARIO DE CASTELLÓN,"AVENIDA BENICASIM, S/N",Castellón de la Plana/Castelló de la Plana,CASTELLÓN,12004
CONSORCIO HOSPITALARIO PROVINCIAL DE CASTELLÓN,"AVENIDA DOCTOR CLARÁ, 19",Castellón de la Plana/Castelló de la Plana,CASTELLÓN,12002
HOSPITAL COMARCAL DE VINARÒS,"AVENIDA GIL DE ATROCILLO, S/N",Vinaròs,CASTELLÓN,12500
HOSPITAL UNIVERSITARIO DE LA PLANA,"CARRETERA VILA-REAL A BORRIANA, KM 0,5",Vila-real,CASTELLÓN,12540
HOSPITAL GENERAL LA MANCHA CENTRO,"AVENIDAD DE LA CONSTITUCIÓN, 3",Alcázar de San Juan,CIUDAD REAL,13600
HOSPITAL VIRGEN DE ALTAGRACIA,"AVENIDAD DON EMILIANO GARCÍA ROLDÁN, 2",Manzanares,CIUDAD REAL,13200
HOSPITAL SANTA BÁRBARA,"C/ MALAGÓN, S/N",Puertollano,CIUDAD REAL,13500
HOSPITAL GENERAL DE VALDEPEÑAS,"AVDA. ESTUDIANTES, S/N",Valdepeñas,CIUDAD REAL,13300
HOSPITAL GENERAL DE CIUDAD REAL,"C/ OBISPO RAFAEL TORIJA, S/N",Ciudad Real,CIUDAD REAL,13005
HOSPITAL GENERAL DE TOMELLOSO,"VEREDA DE SOCUÉLLAMOS, S/N",Tomelloso,CIUDAD REAL,13700
HOSPITAL UNIVERSITARIO REINA SOFÍA,"AV. MENÉNDEZ PIDAL, S/N",Córdoba,CÓRDOBA,14004
HOSPITAL INFANTA MARGARITA,"AV. DE GÓNGORA, S/N",Cabra,CÓRDOBA,14940
HOSPITAL VALLE DE LOS PEDROCHES,"C/ JUAN DEL REY CALERO, S/N",Pozoblanco,CÓRDOBA,14400
HOSPITAL DE MONTILLA,"CRTRA. MONTORO-PUENTE GENIL, KM 65,350",Montilla,CÓRDOBA,14550
HOSPITAL DE ALTA RESOLUCIÓN DE PUENTE GENIL,"C/ BURGOS, S/N",Puente Genil,CÓRDOBA,14500
HOSPITAL DE ALTA RESOLUCIÓN VALLE DEL GUADIATO,"PARAJE CERRO DEL CAMELLO, S/N",Peñarroya-Pueblonuevo,CÓRDOBA,14200
COMPLEXO HOSPITALARIO UNIVERSITARIO A CORUÑA,"JUBIAS DE ARRIBA, 84","Coruña, A",A CORUÑA,15006
COMPLEXO HOSPITALARIO UNIVERSITARIO DE FERROL,"RESIDENCIA, S/N",Ferrol,A CORUÑA,15405
COMPLEXO HOSPITALARIO UNIVERSITARIO DE SANTIAGO,"CHOUPANA (DA), S/N",Santiago de Compostela,A CORUÑA,15706
HOSPITAL DA BARBANZA,"SALMON, S/N",Ribeira,A CORUÑA,15993
HOSPITAL VIRXE DA XUNQUEIRA,"ALCALDE PEPE SANCHEZ, 7",Cee,A CORUÑA,15270
HOSPITAL VIRGEN DE LA LUZ,"HERMANDAD DONANTES DE SANGRE, 1",Cuenca,CUENCA,16002
HOSPITAL UNIVERSITARI DE GIRONA DR. JOSEP TRUETA,"AV FRANÇA, S/N",Girona,GIRONA,17007
HOSPITAL D'OLOT I COMARCAL DE LA GARROTXA,"AV PAÏSOS  CATALANS, 86",Olot,GIRONA,17800
HOSPITAL COMARCAL DE BLANES,"CT ACCÉS CALA SANT FRANCESC, 5",Blanes,GIRONA,17300
HOSPITAL SANTA CATERINA-IAS,"AV DOCTOR CASTANY (P. H. MARTÍ I JULIÀ), S/N",Salt,GIRONA,17190
HOSPITAL DE CERDANYA / HÔPITAL DE CERDAGNE,"CM D'UR, 31",Puigcerdà,GIRONA,17520
HOSPITAL DE BAZA,"CTRA. DE MURCIA, KM. 1,6",Baza,GRANADA,18800
HOSPITAL SANTA ANA,"AV. ENRIQUE MARTÍN CUEVAS, S/N",Motril,GRANADA,18600
HOSPITAL UNIVERSITARIO VIRGEN DE LAS NIEVES,"AV. FUERZAS ARMADAS, 2",Granada,GRANADA,18014
HOSPITAL DE ALTA RESOLUCIÓN DE GUADIX,"MARIANA PINEDA, S/N",Guadix,GRANADA,18500
HOSPITAL DE ALTA RESOLUCIÓN DE LOJA,"AVDA. TIERNO GALVÁN, S/N",Loja,GRANADA,18300
HOSPITAL UNIVERSITARIO SAN CECILIO,"AVDA. DE LA INVESTIGACIÓN, S/N.",Granada,GRANADA,18016
HOSPITAL UNIVERSITARIO DE GUADALAJARA,"DONANTES DE SANGRE, S/N",Guadalajara,GUADALAJARA,19002
ORGANIZACIÓN SANITARIA INTEGRADA BIDASOA,"FINCA ZUBIETA. Bº. MENDELU, S/N",Hondarribia,GUIPÚZCOA,20280
ORGANIZACIÓN SANITARIA INTEGRADA ALTO DEBA,"AVDA. NAVARRA, 16",Arrasate/Mondragón,GUIPÚZCOA,20500
HOSPITAL DE ZUMARRAGA,"BARRIO ARGIXAO, S/N",Zumarraga,GUIPÚZCOA,20700
HOSPITAL DE MENDARO,"Bº. MENDAROZABAL, S/N",Mendaro,GUIPÚZCOA,20850
HOSPITAL UNIVERSITARIO DONOSTIA – DONOSTIA UNIBERTSITATE OSPITALEA,"Pº DR. BEGUIRISTAIN, 109",Donostia/San Sebastián,GUIPÚZCOA,20014
HOSPITAL INFANTA ELENA,"DR. PEDRO NARANJO RODRÍGUEZ, S/N",Huelva,HUELVA,21080
HOSPITAL DE RIOTINTO,"AVDA. LA ESQUILA, 5",Minas de Riotinto,HUELVA,21660
HOSPITAL UNIVERSITARIO JUAN RAMÓN JIMÉNEZ,"RONDA NORTE, S/N",Huelva,HUELVA,21005
HOSPITAL GENERAL SAN JORGE,"AV. MARTÍNEZ DE VELASCO, 36",Huesca,HUESCA,22004
HOSPITAL SAGRADO CORAZÓN DE JESÚS,"PASEO LUCAS MALLADA, 22",Huesca,HUESCA,22006
HOSPITAL DE BARBASTRO,"CTRA. NACIONAL 240, S/N",Barbastro,HUESCA,22300
CENTRO SANITARIO BAJO CINCA-BAIX CINCA,"HERMANA ANDRESA, 2",Fraga,HUESCA,22520
HOSPITAL SAN AGUSTÍN,"AVDA. DE SAN CRISTÓBAL, S/N",Linares,JAÉN,23700
HOSPITAL SAN JUAN DE LA CRUZ,"CTRA. DE LINARES, KM. 1",Úbeda,JAÉN,23400
HOSPITAL UNIVERSITARIO DE JAÉN,"AVDA. DEL EJÉRCITO ESPAÑOL, 10",Jaén,JAÉN,23007
HOSPITAL ALTO GUADALQUIVIR,"AV. BLAS INFANTE, S/N",Andújar,JAÉN,23740
HOSPITAL DE ALTA RESOLUCIÓN SIERRA DE SEGURA,"CRTRA PUENTE DE GÉNAVE-LA PUERTA DE SEGURA KM 0,300",Puente de Génave,JAÉN,23350
HOSPITAL DE ALTA RESOLUCIÓN DE ALCALÁ LA REAL,"AVDA. IBEROAMÉRICA, S/N",Alcalá la Real,JAÉN,23680
HOSPITAL EL BIERZO,"MÉDICOS SIN FRONTERAS, 7",Ponferrada,LEÓN,24404
COMPLEJO ASISTENCIAL UNIVERSITARIO DE LEÓN,ALTOS DE LA NAVA S/N,León,LEÓN,24080
HOSPITAL UNIVERSITARI ARNAU DE VILANOVA DE LLEIDA.,"AV ALCALDE  ROVIRA  ROURE, 80",Lleida,LLEIDA,25198
HOSPITAL COMARCAL DEL PALLARS,"AV PAU CASALS, 5",Tremp,LLEIDA,25620
COMPLEJO HOSPITALARIO SAN MILLAN SAN PEDRO DE LA RIOJA,C/ PIQUERAS 98,Logroño,LA RIOJA,26006
FUNDACIÓN HOSPITAL CALAHORRA,"CTRA. LOGROÑO, S/N",Calahorra,LA RIOJA,26500
COMPLEXO HOSPITALARIO UNIVERSITARIO DE LUGO,"ULISES ROMERO, 1",Lugo,LUGO,27003
HOSPITAL PUBLICO DA MARIÑA,"MEDICO VIOR, S/N",Burela,LUGO,27880
HOSPITAL DE MONFORTE,"CORREDOIRA, S/N",Monforte de Lemos,LUGO,27400
HOSPITAL RAMÓN Y CAJAL,"CTRA. DE COLMENAR VIEJO, KM. 9,1",Madrid,MADRID,28034
HOSPITAL UNIVERSITARIO 12 DE OCTUBRE,"AV. DE CÓRDOBA, S/N",Madrid,MADRID,28041
HOSPITAL CLÍNICO SAN CARLOS,"PROF. MARTÍN LAGOS, S/N",Madrid,MADRID,28040
HOSPITAL UNIVERSITARIO SANTA CRISTINA,"MAESTRO VIVES, 2",Madrid,MADRID,28009
HOSPITAL UNIVERSITARIO DE LA PRINCESA,"DIEGO DE LEÓN, 62",Madrid,MADRID,28006
HOSPITAL INFANTIL UNIVERSITARIO NIÑO JESUS,"AV. MENÉNDEZ PELAYO, 65",Madrid,MADRID,28009
COMPLEJO HOSPITALARIO GREGORIO MARAÑÓN,"DR ESQUERDO, 46",Madrid,MADRID,28007
HOSPITAL CENTRAL DE LA DEFENSA GOMEZ ULLA,"GLORIETA DEL EJÉRCITO, Nº 1",Madrid,MADRID,28047
HOSPITAL UNIVERSITARIO PRÍNCIPE DE ASTURIAS,"CTRA. ALCALÁ-MECO, S/N",Alcalá de Henares,MADRID,28805
HOSPITAL UNIVERSITARIO SEVERO OCHOA,AVENIDA DE ORELLANA S/Nº,Leganés,MADRID,28911
HOSPITAL UNIVERSITARIO DE MÓSTOLES,C/ DR. LUIS MONTES S/N (ANTIGUA C/ RÍO JÚCAR),Móstoles,MADRID,28935
HOSPITAL EL ESCORIAL,"CTRA. GUADARRAMA - SAN LORENZO DE EL ESCORIAL, KM. 6,2",San Lorenzo de El Escorial,MADRID,28200
HOSPITAL UNIVERSITARIO DE GETAFE,"CRTRA DE TOLEDO, KM. 12,5",Getafe,MADRID,28905
HOSPITAL UNIVERSITARIO FUNDACIÓN ALCORCÓN,"BUDAPEST, 1",Alcorcón,MADRID,28922
CENTRO ONCOLÓGICO MD ANDERSON INTERNATIONAL ESPAÑA,GÓMEZ HEMANS. 2-4,Madrid,MADRID,28033
HOSPITAL UNIVERSITARIO DE FUENLABRADA,"CAMINO DEL MOLINO, 2",Fuenlabrada,MADRID,28942
COMPLEJO UNIVERSITARIO LA PAZ,"Pº DE LA CASTELLANA, 261",Madrid,MADRID,28046
HOSPITAL UNIVERSITARIO INFANTA ELENA,"AV. DE LOS REYES CATÓLICOS, 21",Valdemoro,MADRID,28342
HOSPITAL UNIVERSITARIO INFANTA SOFÍA,"PASEO DE EUROPA,32",San Sebastián de los Reyes,MADRID,28702
HOSPITAL UNIVERSITARIO DEL HENARES,AV. MARIE CURIE S/N,Coslada,MADRID,28822
HOSPITAL UNIVERSITARIO DEL SURESTE,"RONDA DEL SUR, 10",Arganda del Rey,MADRID,28500
HOSPITAL UNIVERSITARIO DEL TAJO,"AVDA. AMAZONAS CENTRAL, S/N",Aranjuez,MADRID,28300
HOSPITAL UNIVERSITARIO INFANTA CRISTINA,"AV. 9 DE JUNIO, 2",Parla,MADRID,28981
HOSPITAL UNIVERSITARIO PUERTA DE HIERRO MAJADAHONDA,"JOAQUÍN RODRIGO, 2",Majadahonda,MADRID,28222
HOSPITAL UNIVERSITARIO DE TORREJÓN,"MATEO INURRIA, S/N",Torrejón de Ardoz,MADRID,28850
HOSPITAL REY JUAN CARLOS,GLADIOLO S/N,Móstoles,MADRID,28933
HOSPITAL GENERAL DE VILLALBA,CARRETERA DE ALPEDRETE A MORALZARZAL M-608 KM 41,Collado Villalba,MADRID,28400
COMPLEJO HOSPITALARIO UNIVERSITARIO INFANTA LEONOR,"GRAN VÍA DEL ESTE, 80",Madrid,MADRID,28031
HOSPITAL DE ANTEQUERA,"AVDA. POETA MUÑOZ ROJAS, S/N",Antequera,MALAGA,29200
HOSPITAL DE LA AXARQUÍA,"URB. EL TOMILLAR, S/N",Vélez-Málaga,MALAGA,29700
HOSPITAL UNIVERSITARIO REGIONAL DE MÁLAGA,"AVDA. CARLOS HAYA, S/N",Málaga,MALAGA,29010
HOSPITAL UNIVERSITARIO VIRGEN DE LA VICTORIA,"CAMPUS UNIVERSITARIO TEATINOS, S/N",Málaga,MALAGA,29010
HOSPITAL COSTA DEL SOL,"AUTOVÍA A-7, KM. 187",Marbella,MALAGA,29603
HOSPITAL DE ALTA RESOLUCIÓN DE BENALMÁDENA,"AVDA. ARROYO HONDO, S/N",Benalmádena,MALAGA,29630
HOSPITAL DE LA SERRANÍA,"CTRA. RONDA-SAN PEDRO, KM. 2",Ronda,MALAGA,29400
HOSPITAL CLÍNICO UNIVERSITARIO VIRGEN DE LA ARRIXACA,"CARRETERA MADRID-CARTAGENA, S/N (EL PALMAR)",Murcia,MURCIA,30120
HOSPITAL GENERAL UNIVERSITARIO REINA SOFÍA,"AV. INTENDENTE JORGE PALACIOS, 1",Murcia,MURCIA,30003
HOSPITAL COMARCAL DEL NOROESTE,"AV. MIGUEL ESPINOSA, 1",Caravaca de la Cruz,MURCIA,30400
HOSPITAL GENERAL UNIVERSITARIO LOS ARCOS DEL MAR MENOR,"PARAJE TORRE OCTAVIO, S/N. (POZO ALEDO)",San Javier,MURCIA,30739
HOSPITAL VIRGEN DEL CASTILLO,"AV. DE LA FERIA, S/N",Yecla,MURCIA,30510
HOSPITAL RAFAEL MÉNDEZ,"CTRA. NACIONAL 340, KM. 589",Lorca,MURCIA,30817
HOSPITAL GENERAL UNIVERSITARIO J.M. MORALES MESEGUER,"AV. MARQUÉS DE LOS VÉLEZ, S/N",Murcia,MURCIA,30008
HOSPITAL DE LA VEGA LORENZO GUIRAO,"CTRA. DE ABARÁN, S/N",Cieza,MURCIA,30530
HOSPITAL DE MOLINA,"ASOCIACIÓN, S/N",Molina de Segura,MURCIA,30500
COMPLEJO HOSPITALARIO UNIVERSITARIO DE CARTAGENA,"Pº ALFONSO XIII, 61",Cartagena,MURCIA,30203
HOSPITAL GARCÍA ORCOYEN,"SANTA SORIA, 22",Estella-Lizarra,NAVARRA,31200
HOSPITAL REINA SOFÍA,CTRA. TARAZONA KM. 3,Tudela,NAVARRA,31500
COMPLEJO HOSPITALARIO DE NAVARRA,"IRUNLARREA, 3",Pamplona/Iruña,NAVARRA,31008
COMPLEXO HOSPITALARIO UNIVERSITARIO DE OURENSE,"RAMON PUGA, 52",Ourense,OURENSE,32005
HOSPITAL DE VALDEORRAS,"CONDE DE FENOSA, 50","Barco de Valdeorras, O",OURENSE,32300
HOSPITAL DE VERIN,"LAZA (DE), S/N",Verín,OURENSE,32600
HOSPITAL  UNIVERSITARIO SAN AGUSTÍN,"CAMINO DE HEROS, 6",Avilés,ASTURIAS,33401
HOSPITAL CARMEN Y SEVERO OCHOA,"SIENRA, 11",Cangas del Narcea,ASTURIAS,33800
HOSPITAL COMARCAL DE JARRIO,JARRIO,Coaña,ASTURIAS,33719
HOSPITAL DE CABUEÑES,"LOS PRADOS, 395",Gijón,ASTURIAS,33394
HOSPITAL VALLE DEL NALÓN,POLÍGONO DE RIAÑO,Langreo,ASTURIAS,33920
HOSPITAL V. ÁLVAREZ BUYLLA,"VISTALEGRE-SANTULLANO,2",Mieres,ASTURIAS,33611
HOSPITAL UNIVERSITARIO CENTRAL DE ASTURIAS,"AVDA. ROMA, S/N  LA CORREDORIA",Oviedo,ASTURIAS,33011
HOSPITAL DEL ORIENTE DE ASTURIAS FRANCISCO GRANDE COVIÁN,"LA CASTAÑERA, S/N",Parres,ASTURIAS,33540
COMPLEJO ASISTENCIAL UNIVERSITARIO DE PALENCIA,"AV. DONANTES DE SANGRE, S/N",Palencia,PALENCIA,34005
HOSPITAL DOCTOR JOSÉ MOLINA OROSA,"CTRA. ARRECIFE-TINAJO, KM. 1,3",Arrecife,LAS PALMAS,35500
HOSPITAL GENERAL DE FUERTEVENTURA,"CTRA. AEROPUERTO, KM. 1",Puerto del Rosario,LAS PALMAS,35600
COMPLEJO HOSPITALARIO UNIVERSITARIO INSULAR-MATERNO INFANTIL,"AV. MARÍTIMA DEL SUR, S/N","Palmas de Gran Canaria, Las",LAS PALMAS,35016
COMPLEJO HOSPITALARIO UNIVERSITARIO DE GRAN CANARIA DR. NEGRÍN,BARRANCO DE LA BALLENA S/N,"Palmas de Gran Canaria, Las",LAS PALMAS,35010
HOSPITAL SAN ROQUE MASPALOMAS,"MAR DE SIBERIA, 1",San Bartolomé de Tirajana,LAS PALMAS,35100
COMPLEXO HOSPITALARIO UNIVERSITARIO DE PONTEVEDRA,"MOURENTE, S/N",Pontevedra,PONTEVEDRA,36071
HOSPITAL DO SALNES,"HOSPITAL DO SALNES, 30",Vilagarcía de Arousa,PONTEVEDRA,36619
COMPLEXO HOSPITALARIO UNIVERSITARIO DE VIGO,"CLARA CAMPOAMOR, 341",Vigo,PONTEVEDRA,36312
COMPLEJO ASISTENCIAL UNIVERSITARIO DE SALAMANCA,"Pº DE SAN VICENTE, 58-182",Salamanca,SALAMANCA,37007
COMPLEJO HOSPITALARIO UNIVERSITARIO NTRA. SRA. DE CANDELARIA,"CTRA. DEL ROSARIO, 145",Santa Cruz de Tenerife,SANTA CRUZ DE TENERIFE,38010
HOSPITAL NUESTRA SEÑORA DE GUADALUPE,"EL LANGRERO, S/N",San Sebastián de la Gomera,SANTA CRUZ DE TENERIFE,38800
HOSPITAL INSULAR NTRA. SRA. DE LOS REYES,"LOS BARRIALES, 1",Valverde,SANTA CRUZ DE TENERIFE,38900
HOSPITAL GENERAL DE LA PALMA,"CARRETERA LA CUMBRE, 28. BUENAVISTA DE ARRIBA",Breña Alta,SANTA CRUZ DE TENERIFE,38713
COMPLEJO HOSPITALARIO UNIVERSITARIO DE CANARIAS,"OFRA, S/N",San Cristóbal de La Laguna,SANTA CRUZ DE TENERIFE,38320
HOSPITAL UNIVERSITARIO MARQUÉS DE VALDECILLA,"AV. DE VALDECILLA, S/N",Santander,CANTABRIA,39008
HOSPITAL COMARCAL DE LAREDO,"AV. DE LOS DERECHOS HUMANOS, S/N",Laredo,CANTABRIA,39770
HOSPITAL SIERRALLANA,"Bº. DE GANZO, S/N",Torrelavega,CANTABRIA,39300
COMPLEJO ASISTENCIAL DE SEGOVIA,"LUIS ERIK CLAVERÍA NEURÓLOGO, S/NÚM.",Segovia,SEGOVIA,40002
HOSPITAL LA MERCED,"AVDA. DE LA CONSTITUCIÓN, 2",Osuna,SEVILLA,41640
HOSPITAL UNIVERSITARIO VIRGEN DEL ROCÍO,"AVDA. MANUEL SIUROT, S/N",Sevilla,SEVILLA,41013
HOSPITAL UNIVERSITARIO VIRGEN MACARENA,"AVDA. DOCTOR FEDRIANI, 3",Sevilla,SEVILLA,41009
HOSPITAL UNIVERSITARIO VIRGEN DE VALME,"AVDA. DE BELLAVISTA, S/N",Sevilla,SEVILLA,41014
HOSPITAL DE ALTA RESOLUCIÓN DE UTRERA,"BRIGADAS INTERNACIONALES, S/N",Utrera,SEVILLA,41710
HOSPITAL DE ALTA RESOLUCIÓN SIERRA NORTE,"DR. LARRAURI, S/N",Constantina,SEVILLA,41450
HOSPITAL DE ALTA RESOLUCIÓN DE ÉCIJA,"AV. DOCTOR SÁNCHEZ MALO, 73",Écija,SEVILLA,41400
HOSPITAL DE ALTA RESOLUCIÓN DE LEBRIJA,"AVDA. EL CUERVO, S/N",Lebrija,SEVILLA,41740
COMPLEJO ASISTENCIAL DE SORIA,"Pº. STA. BÁRBARA, S/N",Soria,SORIA,42005
HOSPITAL UNIVERSITARI JOAN XXIII DE TARRAGONA,"CR DOCTOR MALLAFRÉ GUASCH, 4",Tarragona,TARRAGONA,43005
HOSPITAL UNIVERSITARI DE SANT JOAN DE REUS,"AV JOSEP LAPORTE, 2",Reus,TARRAGONA,43204
HOSPITAL DE TORTOSA VERGE DE LA CINTA,"CR ESPLANETES, 44",Tortosa,TARRAGONA,43500
PIUS HOSPITAL DE VALLS,"PL SANT FRANCESC, S/N",Valls,TARRAGONA,43800
HOSPITAL COMARCAL D'AMPOSTA,"CR JACINT VERDAGUER, 11",Amposta,TARRAGONA,43870
HOSPITAL OBISPO POLANCO,AVDA RUIZ JARABO S/N,Teruel,TERUEL,44002
HOSPITAL DE ALCAÑIZ,"DR. REPOLLÉS, 2",Alcañiz,TERUEL,44600
HOSPITAL NACIONAL DE PARAPLÉJICOS,"FINCA LA PERALEDA, S/N",Toledo,TOLEDO,45071
HOSPITAL GENERAL NUESTRA SEÑORA DEL PRADO,"CARRETERA DE MADRID, KM. 114",Talavera de la Reina,TOLEDO,45600
COMPLEJO HOSPITALARIO DE TOLEDO,"AVDA. DE BARBER, 30",Toledo,TOLEDO,45004
HOSPITAL UNIVERSITARIO Y POLITÉCNICO LA FE,"AVENIDA FERNANDO ABRIL MARTORELL, 106",Valencia,VALENCIA,46026
HOSPITAL UNIVERSITARIO DR. PESET ALEIXANDRE,"AVENIDA GASPAR AGUILAR, 90",Valencia,VALENCIA,46017
HOSPITAL ARNAU DE VILANOVA,"CALLE SAN CLEMENTE, 12",Valencia,VALENCIA,46015
HOSPITAL CLÍNICO UNIVERSITARIO DE VALENCIA,"AVENIDA BLASCO IBÁÑEZ, 17",Valencia,VALENCIA,46010
HOSPITAL DE LA MALVA-ROSA,"CALLE ISABEL DE VILLENA, 2",Valencia,VALENCIA,46011
CONSORCIO HOSPITAL GENERAL UNIVERSITARIO DE VALENCIA,"AVENIDA TRES CRUCES, 2",Valencia,VALENCIA,46014
HOSPITAL FRANCESC DE BORJA DE GANDIA,"AVENIDA DE LA MEDICINA, 6",Gandia,VALENCIA,46702
HOSPITAL LLUÍS ALCANYÍS DE XÀTIVA,"CARRETERA XÀTIVA - SILLA, KM 2",Xàtiva,VALENCIA,46800
HOSPITAL GENERAL DE ONTINYENT,"AVENIDA DE FRANCISCO CERDÁ, 3",Ontinyent,VALENCIA,46870
HOSPITAL DE SAGUNTO,"AV. RAMÓN Y CAJAL, S/N",Sagunto/Sagunt,VALENCIA,46520
HOSPITAL GENERAL DE REQUENA,"CALLE CASABLANCA, S/N",Requena,VALENCIA,46340
HOSPITAL UNIVERSITARIO DE LA RIBERA,"CARRETERA DE CORBERA, KM 1",Alzira,VALENCIA,46600
HOSPITAL DE MANISES,"AVDA. GENERALITAT VALENCIANA, 50",Manises,VALENCIA,46940
HOSPITAL DE LLÍRIA,"PARATGE CABEÇÒ DE L'AGUILA, CV 35, S/N",Llíria,VALENCIA,46160
HOSPITAL UNIVERSITARIO RIO HORTEGA,"DULZAINA, 2",Valladolid,VALLADOLID,47012
HOSPITAL CLÍNICO UNIVERSITARIO DE VALLADOLID,"AV. RAMÓN Y CAJAL, 3",Valladolid,VALLADOLID,47003
HOSPITAL MEDINA DEL CAMPO,"CALLE DE PEÑARANDA,  24",Medina del Campo,VALLADOLID,47400
HOSPITAL DE BASURTO,"AV. MONTEVIDEO, 18",Bilbao,VIZCAYA,48013
HOSPITAL UNIVERSITARIO DE CRUCES,"PZA DE CRUCES, 12",Barakaldo,VIZCAYA,48903
OSI BARAKALDO-SESTAO,"AV. ANTONIO MIRANDA, 5",Barakaldo,VIZCAYA,48902
HOSPITAL GALDAKAO-USANSOLO,"BARRIO LABEAGA, 46A",Galdakao,VIZCAYA,48960
COMPLEJO ASISTENCIAL DE ZAMORA,"AVDA. REQUEJO, 35",Zamora,ZAMORA,49022
HOSPITAL CLÍNICO UNIVERSITARIO LOZANO BLESA,"SAN JUAN BOSCO, 15",Zaragoza,ZARAGOZA,50009
HOSPITAL UNIVERSITARIO MIGUEL SERVET,"Pº DE ISABEL LA CATÓLICA, 1-3",Zaragoza,ZARAGOZA,50009
HOSPITAL ROYO VILLANOVA,"AV. SAN GREGORIO, 30",Zaragoza,ZARAGOZA,50015
HOSPITAL  NUESTRA SEÑORA DE GRACIA,"RAMÓN Y CAJAL, 60",Zaragoza,ZARAGOZA,50004
HOSPITAL GENERAL DE LA DEFENSA DE ZARAGOZA,"VÍA IBÉRICA, 1-15",Zaragoza,ZARAGOZA,50009
HOSPITAL ERNEST LLUCH MARTIN,"CTRA. DE SAGUNTO-BURGOS, KM. 254",Calatayud,ZARAGOZA,50300
CENTRO SANITARIO CINCO VILLAS,"ANTONIO MACHADO, S/N",Ejea de los Caballeros,ZARAGOZA,50600
HOSPITAL UNIVERSITARIO DE CEUTA,"LOMA COLMENAR, S/N",Ceuta,CEUTA,51003
HOSPITAL COMARCAL,"CTRA. REMONTA, 2",Melilla,MELILLA,52005
